{
    "successful_experiments": [
        {
            "exp_name": "distilbert_processed_5e-5_crf",
            "val_f1": 0.7223984771573604,
            "val_precision": 0.7223984771573604,
            "val_recall": 0.7223984771573604,
            "best_val_f1": 0.728743654822335,
            "test_f1": 0.6442255062944718,
            "test_precision": 0.6442255062944718,
            "test_recall": 0.6442255062944718,
            "best_epoch": 4,
            "stopped_epoch": 6,
            "early_stopped": true
        },
        {
            "exp_name": "distilbert_processed_5e-5_nocrf",
            "val_f1": 0.7290609137055838,
            "val_precision": 0.7290609137055838,
            "val_recall": 0.7290609137055838,
            "best_val_f1": 0.735723350253807,
            "test_f1": 0.6628352490421456,
            "test_precision": 0.6628352490421456,
            "test_recall": 0.6628352490421456,
            "best_epoch": 2,
            "stopped_epoch": 4,
            "early_stopped": true
        },
        {
            "exp_name": "tinybert_processed_5e-5_crf",
            "val_f1": 0.6773477157360406,
            "val_precision": 0.6773477157360406,
            "val_recall": 0.6773477157360406,
            "best_val_f1": 0.6890862944162437,
            "test_f1": 0.6171319102353585,
            "test_precision": 0.6171319102353585,
            "test_recall": 0.6171319102353585,
            "best_epoch": 8,
            "stopped_epoch": 10,
            "early_stopped": true
        },
        {
            "exp_name": "tinybert_processed_5e-5_nocrf",
            "val_f1": 0.6782994923857868,
            "val_precision": 0.6782994923857868,
            "val_recall": 0.6782994923857868,
            "best_val_f1": 0.6951142131979695,
            "test_f1": 0.6258894362342639,
            "test_precision": 0.6258894362342639,
            "test_recall": 0.6258894362342639,
            "best_epoch": 7,
            "stopped_epoch": 9,
            "early_stopped": true
        }
    ],
    "failed_experiments": [],
    "timestamp": "2026-03-08T13:10:42.984890"
}