{
    "successful_experiments": [
        {
            "exp_name": "bilstm_processed_2e-3_crf",
            "val_f1": 0.6376903553299492,
            "val_precision": 0.6376903553299492,
            "val_recall": 0.6376903553299492,
            "best_val_f1": 0.6573604060913706,
            "test_f1": 0.5799124247400109,
            "test_precision": 0.5799124247400109,
            "test_recall": 0.5799124247400109,
            "best_epoch": 8,
            "stopped_epoch": 11,
            "early_stopped": true
        },
        {
            "exp_name": "bilstm_processed_2e-3_nocrf",
            "val_f1": 0.6630710659898477,
            "val_precision": 0.6630710659898477,
            "val_recall": 0.6630710659898477,
            "best_val_f1": 0.680520304568528,
            "test_f1": 0.6070060207991242,
            "test_precision": 0.6070060207991242,
            "test_recall": 0.6070060207991242,
            "best_epoch": 6,
            "stopped_epoch": 9,
            "early_stopped": true
        }
    ],
    "failed_experiments": [],
    "timestamp": "2026-02-12T11:12:09.390513"
}