model,accuracy_score,precision,recall,f1
bilstm-crf,57.22495894909688,45.79256360078278,48.69927159209157,47.20121028744327
bilstm-nocrf,57.799671592775034,43.812104787714546,50.46826222684704,46.90522243713733
distilbert-crf,66.03721948549534,55.64892623716153,62.01873048907388,58.66141732283465
distilbert-nocrf,66.39299397920088,56.27340823970037,62.539021852237255,59.24100542138985
teacher-crf,65.68144499178982,54.36982520699172,61.49843912591051,57.71484375
teacher-nocrf,65.84564860426929,53.67647058823529,60.77003121748179,57.003416300634456
tinybert-crf,61.63108921729611,48.447789275634996,53.59001040582726,50.8893280632411
tinybert-nocrf,62.91735084838533,50.138760407030524,56.399583766909466,53.08521057786483
