model,accuracy_score,precision,recall,f1
bilstm-crf,57.22495894909688,52.58092738407699,51.170710940825884,51.86623516720604
bilstm-nocrf,57.799671592775034,49.489170412750305,51.55385270327799,50.50041701417849
distilbert-crf,66.03721948549534,59.58419958419958,61.004682843763305,60.28607488430795
distilbert-nocrf,66.39299397920088,60.38769490096924,61.004682843763305,60.69462092333756
teacher-crf,65.68144499178982,60.16122189223589,60.36611323967646,60.26349341266468
teacher-nocrf,65.84564860426929,59.77060322854716,59.897828863346106,59.83414841590474
tinybert-crf,61.63108921729611,53.426919900908345,55.087271179225205,54.24439320897088
tinybert-nocrf,62.91735084838533,55.370524562864276,56.61983822903364,55.988213007787834
