model,accuracy_score,precision,recall,f1
bilstm-crf,57.22495894909688,53.54223433242507,50.191570881226056,51.812788398154254
bilstm-nocrf,57.799671592775034,52.775290957923005,50.191570881226056,51.451014619245036
distilbert-crf,66.03721948549534,61.723534558180226,60.0681140911026,60.88457389428263
distilbert-nocrf,66.39299397920088,62.14317083882301,60.238399318859095,61.175961954172074
teacher-crf,65.68144499178982,62.46636771300449,59.301830566198376,60.842978816335446
teacher-nocrf,65.84564860426929,62.61851015801354,59.04640272456364,60.78001752848379
tinybert-crf,61.63108921729611,56.39198218262806,53.89527458492975,55.115367871136264
tinybert-nocrf,62.91735084838533,58.10931899641577,55.21498510004257,56.62519100633049
