{
    "train_loss": [
        0.8143138411342489,
        0.6983563584296494,
        0.65870831117552,
        0.6295246338064198,
        0.6040331929739268,
        0.5836587189896706,
        0.5632913379581428,
        0.5458058313236158,
        0.5312787404089617,
        0.5183539009654936
    ],
    "val_loss": [
        0.6970331658016552,
        0.6539568044922569,
        0.6340461600910533,
        0.6207750298760154,
        0.6122438815507022,
        0.6062121564691717,
        0.6049651378935034,
        0.6091657215898687,
        0.6118043921210549,
        0.6115373167124661
    ],
    "train_kd": [
        0.18954895898425506,
        0.22257171169014797,
        0.23131349384175243,
        0.2359554958367884,
        0.23964476170959162,
        0.2427606933382635,
        0.24476315212152244,
        0.24710312799563924,
        0.24868220791738702,
        0.24979141814698957
    ],
    "val_kd": [
        0.22510848587209528,
        0.24704192064025185,
        0.2500170260667801,
        0.2560249607671391,
        0.2578339381651445,
        0.25700425586917186,
        0.2690790284763683,
        0.2734356354583393,
        0.27333696999333124,
        0.27218096202070063
    ],
    "train_stu": [
        2.272098490309374,
        1.808520471879066,
        1.6559628243339086,
        1.547852565174454,
        1.4542728089603665,
        1.3790873993637616,
        1.3065237249333435,
        1.2427787693000278,
        1.190670614106036,
        1.1449996592564573
    ],
    "val_stu": [
        1.798190671747381,
        1.6034248113632201,
        1.5301140893589367,
        1.47185846675526,
        1.4392003471201116,
        1.4210305474021219,
        1.3886993527412415,
        1.3925358620556918,
        1.4015616666186939,
        1.4033687548203901
    ],
    "train_precision": [
        0.45742469614232867,
        0.5894662673947507,
        0.6314955081909459,
        0.6673595208737009,
        0.692443191826669,
        0.7190769772767307,
        0.744019728729963,
        0.764171217192179,
        0.7831953496565087,
        0.7964065527567377
    ],
    "train_recall": [
        0.45742469614232867,
        0.5894662673947507,
        0.6314955081909459,
        0.6673595208737009,
        0.692443191826669,
        0.7190769772767307,
        0.744019728729963,
        0.764171217192179,
        0.7831953496565087,
        0.7964065527567377
    ],
    "train_f1": [
        0.45742469614232867,
        0.5894662673947507,
        0.6314955081909459,
        0.6673595208737009,
        0.692443191826669,
        0.7190769772767307,
        0.744019728729963,
        0.7641712171921791,
        0.7831953496565087,
        0.7964065527567377
    ],
    "val_precision": [
        0.5783629441624365,
        0.6329314720812182,
        0.6487944162436549,
        0.6694162436548223,
        0.6748096446700508,
        0.6846446700507615,
        0.6890862944162437,
        0.6878172588832487,
        0.688769035532995,
        0.6868654822335025
    ],
    "val_recall": [
        0.5783629441624365,
        0.6329314720812182,
        0.6487944162436549,
        0.6694162436548223,
        0.6748096446700508,
        0.6846446700507615,
        0.6890862944162437,
        0.6878172588832487,
        0.688769035532995,
        0.6868654822335025
    ],
    "val_f1": [
        0.5783629441624365,
        0.6329314720812182,
        0.6487944162436549,
        0.6694162436548223,
        0.6748096446700508,
        0.6846446700507615,
        0.6890862944162437,
        0.6878172588832487,
        0.688769035532995,
        0.6868654822335025
    ]
}