{
    "train_loss": [
        4.189081450425286,
        3.3491496786261874,
        2.9356233444681927,
        2.6783778145756947,
        2.5275019804636636,
        2.4344330623837336,
        2.349685091182498,
        2.2791916582969556,
        2.22617447205604,
        2.185391332474223
    ],
    "val_loss": [
        3.4253278385509143,
        3.1707611214030873,
        3.048576918515292,
        2.969332473928278,
        2.923921472376043,
        2.906842106038874,
        2.8457137801430443,
        2.8335315747694536,
        2.812840578772805,
        2.7992317589846523
    ],
    "train_kd": [
        4.743963400522868,
        3.7623384842355803,
        3.267631914961801,
        2.962463405234682,
        2.7847335753021554,
        2.672155976539253,
        2.568453277790717,
        2.4811240851513445,
        2.4133735195503156,
        2.3626002421895906
    ],
    "val_kd": [
        3.839048012820157,
        3.536613789471713,
        3.3714353388006035,
        3.2644585739482532,
        3.211816527626731,
        3.185018712824041,
        3.0940773313695735,
        3.0796445456418122,
        3.0809863003817473,
        3.02827522537925
    ],
    "train_stu": [
        2.8943569245757743,
        2.385042507224288,
        2.16093672979585,
        2.0155114635124285,
        1.9272949434740656,
        1.8797462686195452,
        1.8392259906406052,
        1.8080159998622654,
        1.7893766964383895,
        1.771903887116836
    ],
    "val_stu": [
        2.459980843283913,
        2.3171049811623314,
        2.2952406579797917,
        2.2807049837979405,
        2.2521663709120316,
        2.2577633445913143,
        2.266198912533847,
        2.2592681126161054,
        2.1871672413565895,
        2.2647971001538365
    ]
}