{
    "train_loss": [
        4.82261409203699,
        4.172451960284773,
        3.8376236000919146,
        3.5870551541295277,
        3.406399126676938,
        3.2727011488502984,
        3.1606469598040747,
        3.0719195182581864,
        2.991346211521172,
        2.9291437613208355
    ],
    "val_loss": [
        4.050737047195435,
        3.7716698429801245,
        3.6078483668240633,
        3.5253417015075685,
        3.4919781424782492,
        3.438625834204934,
        3.4332093108784068,
        3.374630104411732,
        3.3659116311506794,
        3.347111277146773
    ],
    "train_kd": [
        5.531784563708159,
        4.755210765787917,
        4.357924895783875,
        4.056846497249018,
        3.8414191931547075,
        3.6834767727764106,
        3.553501548942613,
        3.4496428279057603,
        3.353303743042585,
        3.280774411492065
    ],
    "val_kd": [
        4.523104052110152,
        4.264295044812289,
        4.066302754662254,
        3.9716347521001643,
        3.9482390707189388,
        3.8802153500643644,
        3.88679705099626,
        3.7939181674610483,
        3.8003404183821243,
        3.787156070362438
    ],
    "train_stu": [
        3.1678830455904845,
        2.8126814692054545,
        2.6235872802071287,
        2.4908754006485267,
        2.3913523595025934,
        2.3142247258519832,
        2.2439862801740995,
        2.1905652162731304,
        2.1467786817706678,
        2.1086723192581616
    ],
    "val_stu": [
        2.948547345941717,
        2.6222111051732844,
        2.5381215182217685,
        2.4839913064783268,
        2.4273694211786445,
        2.408250331878662,
        2.3748379533941097,
        2.396291346983476,
        2.3522444941780782,
        2.3203401782295923
    ],
    "train_precision": [
        0.3206270917738242,
        0.5413070283600493,
        0.6255768892020434,
        0.6916329047031883,
        0.7367976043685045,
        0.7708648934296283,
        0.801867183371499,
        0.8231460278316012,
        0.8434736656684869,
        0.8609124537607892
    ],
    "train_recall": [
        0.3206270917738242,
        0.5413070283600493,
        0.6255768892020434,
        0.6916329047031883,
        0.7367976043685045,
        0.7708648934296283,
        0.801867183371499,
        0.8231460278316012,
        0.8434736656684869,
        0.8609124537607892
    ],
    "train_f1": [
        0.3206270917738242,
        0.5413070283600493,
        0.6255768892020434,
        0.6916329047031883,
        0.7367976043685045,
        0.7708648934296283,
        0.8018671833714989,
        0.8231460278316013,
        0.8434736656684869,
        0.8609124537607892
    ],
    "val_precision": [
        0.47303299492385786,
        0.6183375634517766,
        0.6335659898477157,
        0.6576776649746193,
        0.6656091370558376,
        0.6786167512690355,
        0.6824238578680203,
        0.6849619289340102,
        0.6830583756345178,
        0.690989847715736
    ],
    "val_recall": [
        0.47303299492385786,
        0.6183375634517766,
        0.6335659898477157,
        0.6576776649746193,
        0.6656091370558376,
        0.6786167512690355,
        0.6824238578680203,
        0.6849619289340102,
        0.6830583756345178,
        0.690989847715736
    ],
    "val_f1": [
        0.47303299492385786,
        0.6183375634517766,
        0.6335659898477157,
        0.6576776649746193,
        0.6656091370558376,
        0.6786167512690355,
        0.6824238578680203,
        0.6849619289340102,
        0.6830583756345178,
        0.690989847715736
    ]
}