{
    "train_loss": [
        5.466012154132555,
        5.342848696835445,
        5.296495143133682,
        5.235356245060396,
        5.212838234345606,
        5.1565082156097475,
        5.101878242258645,
        5.011182069290879,
        4.967928592900313,
        4.935562562844992
    ],
    "val_loss": [
        5.213310675187544,
        5.176643397591331,
        5.114887662367387,
        5.073331356048584,
        5.054454586722634,
        5.00811014175415,
        4.937625763633035,
        4.926552018252286,
        4.889108415083451,
        4.936807857860218
    ],
    "train_kd": [
        6.396163606936215,
        6.309516212447777,
        6.288919215797159,
        6.231617327848095,
        6.221701866766183,
        6.1587323762156485,
        6.095098336537679,
        5.9782452476049,
        5.929440348182475,
        5.89425852547394
    ],
    "val_kd": [
        6.1005044937133786,
        6.0965535077181725,
        6.038242834264582,
        5.99987265846946,
        5.983589259060946,
        5.926980772885409,
        5.836126466230913,
        5.8327315157110045,
        5.78262300491333,
        5.859225004369562
    ],
    "train_stu": [
        3.295658924340714,
        3.087291298712202,
        2.980839144232814,
        2.910747213597678,
        2.858823206770883,
        2.8179853055130972,
        2.7843648173326363,
        2.754701439344566,
        2.724401327242393,
        2.69860542625006
    ],
    "val_stu": [
        3.1431918144226074,
        3.030186588113958,
        2.960392202030529,
        2.911401956731623,
        2.886473868109963,
        2.864078751477328,
        2.841124174811623,
        2.812133234197443,
        2.8042412150989877,
        2.784501413865523
    ],
    "train_precision": [
        0.2715166461159063,
        0.4198696494627444,
        0.4753567024837062,
        0.5124889906640832,
        0.5399682931125594,
        0.5621278844460103,
        0.5830896600317069,
        0.6016205742469615,
        0.6160648229698784,
        0.6322001056896248
    ],
    "train_recall": [
        0.2715166461159063,
        0.4198696494627444,
        0.4753567024837062,
        0.5124889906640832,
        0.5399682931125594,
        0.5621278844460103,
        0.5830896600317069,
        0.6016205742469615,
        0.6160648229698784,
        0.6322001056896248
    ],
    "train_f1": [
        0.2715166461159063,
        0.41986964946274435,
        0.4753567024837062,
        0.5124889906640832,
        0.5399682931125594,
        0.5621278844460103,
        0.5830896600317069,
        0.6016205742469615,
        0.6160648229698784,
        0.6322001056896248
    ],
    "val_precision": [
        0.3743654822335025,
        0.4425761421319797,
        0.4755710659898477,
        0.49619289340101524,
        0.5066624365482234,
        0.5209390862944162,
        0.5320431472081218,
        0.5368020304568528,
        0.5469543147208121,
        0.5434644670050761
    ],
    "val_recall": [
        0.3743654822335025,
        0.4425761421319797,
        0.4755710659898477,
        0.49619289340101524,
        0.5066624365482234,
        0.5209390862944162,
        0.5320431472081218,
        0.5368020304568528,
        0.5469543147208121,
        0.5434644670050761
    ],
    "val_f1": [
        0.3743654822335025,
        0.4425761421319797,
        0.4755710659898477,
        0.49619289340101524,
        0.5066624365482234,
        0.5209390862944162,
        0.5320431472081218,
        0.5368020304568528,
        0.5469543147208121,
        0.5434644670050761
    ]
}