{
    "train_loss": [
        7.576676487678887,
        6.1693430297945175,
        5.433765416252589,
        4.964056638120874,
        4.633362221084002,
        4.405708233027858,
        4.205875364061757,
        4.040284751626856,
        3.900262119823682,
        3.774391062664352
    ],
    "val_loss": [
        6.312696361541748,
        5.884868699854071,
        5.704815075614236,
        5.5817577188665215,
        5.397538870031183,
        5.3626753460277214,
        5.191512116518887,
        5.111646374789151,
        5.018990230560303,
        4.936985445022583
    ],
    "train_kd": [
        6.702998239326087,
        5.706131537267767,
        5.175082901991706,
        4.8411288212657215,
        4.593736966451009,
        4.403275285517998,
        4.235784892411807,
        4.095808971635159,
        3.9687467040703583,
        3.8547212692369954
    ],
    "val_kd": [
        5.638568470694802,
        5.250264956734397,
        5.054702732779763,
        5.041300071369518,
        4.781851361014626,
        4.749477828632702,
        4.656791244853626,
        4.611479767886075,
        4.500088080492887,
        4.468042997880415
    ],
    "train_stu": [
        9.615258956979389,
        7.25016980473493,
        6.037357860791415,
        5.2508881252967505,
        4.725821124507849,
        4.411385070570652,
        4.136086425410702,
        3.9107282415245694,
        3.7404647331783862,
        3.586953896930125
    ],
    "val_stu": [
        7.885661116513339,
        7.365610660206188,
        7.221743739734997,
        6.84282542142001,
        6.834142953699286,
        6.793469376997514,
        6.439193924990567,
        6.278701730207963,
        6.229761739210649,
        6.0311845172535286
    ]
}