{
    "train_loss": [
        5.900678381110505,
        5.739136606150122,
        5.708411747204989,
        5.704483672885075,
        5.7015943371201345,
        5.697448519841293,
        5.698471939149322,
        5.693929034508079,
        5.696342198151508,
        5.692615291579857
    ],
    "val_loss": [
        5.903110035982999,
        5.583801382238215,
        5.574860520796342,
        5.566662632335316,
        5.580419132926247,
        5.564037921211936,
        5.568929672241211,
        5.5693084196610885,
        5.5728927265514026,
        5.570410043543036
    ],
    "train_kd": [
        6.8834858184455605,
        6.653150812979856,
        6.609530231460228,
        6.603996438726569,
        6.599630705905595,
        6.59379682267858,
        6.595322829326482,
        6.588686475968312,
        6.592341542975303,
        6.586936647419062
    ],
    "val_kd": [
        6.878741429068826,
        6.43431451103904,
        6.418364316766913,
        6.404149861769243,
        6.425689480521462,
        6.405885982513428,
        6.414159982854669,
        6.412844267758456,
        6.4174798531965775,
        6.41483529697765
    ],
    "train_stu": [
        3.6074611306921835,
        3.6064368893519987,
        3.605802104516995,
        3.605620630923468,
        3.606176247138431,
        3.6059692661698852,
        3.6058199863979907,
        3.6061617767396394,
        3.605677176106927,
        3.6058655033813665
    ],
    "val_stu": [
        3.62663684758273,
        3.599270820617676,
        3.6066851225766268,
        3.612525879253041,
        3.6081217939203434,
        3.5997259096665815,
        3.596725663271817,
        3.6010582186959006,
        3.6021893631328235,
        3.6000844955444338
    ]
}