{
    "train_loss": [
        4.136336025284844,
        3.3103878537082476,
        2.911851355878366,
        2.674175106430834,
        2.5176153733930215,
        2.416895947817157,
        2.3355692988280627,
        2.266527527924208,
        2.219117028581584,
        2.170249251744011
    ],
    "val_loss": [
        3.3623049822720614,
        3.131683314930309,
        2.984589767456055,
        2.911584069512107,
        2.8622471766038373,
        2.856432247161865,
        2.805561564185403,
        2.782304044203325,
        2.7690810333598743,
        2.7752455191178753
    ],
    "train_kd": [
        4.670648595794335,
        3.7007095526088722,
        3.221933769545916,
        2.941420510258899,
        2.758029449205457,
        2.6389856206858817,
        2.540208038864448,
        2.4556394671613697,
        2.397514394943456,
        2.3341720347999306
    ],
    "val_kd": [
        3.7263314030387185,
        3.4681679248809814,
        3.2584246028553356,
        3.206121423027732,
        3.125363180854104,
        3.1213474663821135,
        3.0497102173891935,
        3.0000175779516045,
        2.994057945771651,
        3.0033954056826504
    ],
    "train_stu": [
        2.8896067478905425,
        2.3996372832354838,
        2.1883257812761334,
        2.05060251919526,
        1.9566492244509832,
        1.898686716649186,
        1.8580788912704873,
        1.8252663597738816,
        1.802856493825074,
        1.7877627776931888
    ],
    "val_stu": [
        2.5129099585793235,
        2.3465525583787397,
        2.3456418947740034,
        2.2243303190578114,
        2.2483099113811145,
        2.238296792723916,
        2.235881460796703,
        2.274305883320895,
        2.2441349267959594,
        2.2428958632729272
    ]
}