{
    "train_loss": [
        5.666308179193614,
        4.8480227742876325,
        4.483472653797695,
        4.235504216563945,
        4.051218006562213,
        3.89553473336356,
        3.7644752103455215,
        3.6532071463915767,
        3.559947312608057,
        3.4773952386817153
    ],
    "val_loss": [
        4.712316989898682,
        4.245153597423008,
        4.020034330231803,
        3.8618764792169844,
        3.745129006249564,
        3.672036111354828,
        3.59059533902577,
        3.5368609172957286,
        3.488364670957838,
        3.4368893248694286
    ]
}