{
    "train_loss": [
        10.969151430578563,
        9.407703561529305,
        8.411682363911885,
        7.872496790193585,
        7.5984933449446785,
        7.45652399375151,
        7.375594870444456,
        7.323677520322897,
        7.286287411102732,
        7.262729220595096
    ],
    "val_loss": [
        9.884213534268467,
        8.630991658297452,
        7.876852122220126,
        7.514530650052158,
        7.328191991285844,
        7.236374161460183,
        7.171054831418124,
        7.132564189217307,
        7.106023294275457,
        7.073161168531938
    ],
    "train_kd": [
        7.257421485729257,
        6.7379854422649235,
        6.641070423438261,
        6.5950631880808945,
        6.571725496241408,
        6.561736180982219,
        6.558664161978568,
        6.557793728413026,
        6.555015146610439,
        6.5584256293095935
    ],
    "val_kd": [
        6.615563435987993,
        6.468666284734552,
        6.384286290949041,
        6.361515235900879,
        6.3554534045132725,
        6.362077184156938,
        6.355248719995672,
        6.355452459508722,
        6.3592022375627,
        6.34050840031017
    ],
    "train_stu": [
        19.62985407355373,
        15.63704550144375,
        12.543109993261794,
        10.853175057955315,
        9.994284835573598,
        9.544362127659024,
        9.281766471199706,
        9.110739621160464,
        8.992589203614155,
        8.906104173640776
    ],
    "val_stu": [
        17.511063194274904,
        13.676417055996982,
        11.35950549732555,
        10.204899787902832,
        9.597915345972234,
        9.276400349356912,
        9.074602421847256,
        8.945824891870672,
        8.848605719479648,
        8.782684126767245
    ]
}